,C(organ),C(dev_stage),C(organ):C(dev_stage)
Acaa2,0.15357276509001658,0.8436876450900337,0.2340839996416281
