TF,C(organ),C(dev_stage),C(organ):C(dev_stage)
Hnf4a,0.0009412331438361388,0.680016987112375,0.20144475239435897
